{
  "0": {
    "precision": 0.9673202614379085,
    "recall": 0.8933601609657947,
    "f1-score": 0.9288702928870293,
    "support": 497.0
  },
  "1": {
    "precision": 0.967623701893708,
    "recall": 0.9906191369606003,
    "f1-score": 0.9789864029666254,
    "support": 1599.0
  },
  "accuracy": 0.9675572519083969,
  "macro avg": {
    "precision": 0.9674719816658083,
    "recall": 0.9419896489631976,
    "f1-score": 0.9539283479268273,
    "support": 2096.0
  },
  "weighted avg": {
    "precision": 0.9675517506024235,
    "recall": 0.9675572519083969,
    "f1-score": 0.9671029551090112,
    "support": 2096.0
  }
}