{
  "0": {
    "precision": 0.9979879275653923,
    "recall": 0.9979879275653923,
    "f1-score": 0.9979879275653923,
    "support": 497.0
  },
  "1": {
    "precision": 0.9993746091307066,
    "recall": 0.9993746091307066,
    "f1-score": 0.9993746091307066,
    "support": 1599.0
  },
  "accuracy": 0.9990458015267175,
  "macro avg": {
    "precision": 0.9986812683480495,
    "recall": 0.9986812683480495,
    "f1-score": 0.9986812683480495,
    "support": 2096.0
  },
  "weighted avg": {
    "precision": 0.9990458015267175,
    "recall": 0.9990458015267175,
    "f1-score": 0.9990458015267175,
    "support": 2096.0
  }
}