{
  "0": {
    "precision": 0.9642105263157895,
    "recall": 0.9215291750503019,
    "f1-score": 0.9423868312757202,
    "support": 497.0
  },
  "1": {
    "precision": 0.9759407772979642,
    "recall": 0.9893683552220137,
    "f1-score": 0.9826086956521739,
    "support": 1599.0
  },
  "accuracy": 0.9732824427480916,
  "macro avg": {
    "precision": 0.9700756518068769,
    "recall": 0.9554487651361578,
    "f1-score": 0.9624977634639471,
    "support": 2096.0
  },
  "weighted avg": {
    "precision": 0.9731593198847291,
    "recall": 0.9732824427480916,
    "f1-score": 0.9730713547193983,
    "support": 2096.0
  }
}