{
  "0": {
    "precision": 0.9614604462474645,
    "recall": 0.9537223340040242,
    "f1-score": 0.9575757575757575,
    "support": 497.0
  },
  "1": {
    "precision": 0.9856519026824704,
    "recall": 0.9881175734834271,
    "f1-score": 0.9868831980012492,
    "support": 1599.0
  },
  "accuracy": 0.9799618320610687,
  "macro avg": {
    "precision": 0.9735561744649674,
    "recall": 0.9709199537437256,
    "f1-score": 0.9722294777885034,
    "support": 2096.0
  },
  "weighted avg": {
    "precision": 0.9799156651594751,
    "recall": 0.9799618320610687,
    "f1-score": 0.9799338669461588,
    "support": 2096.0
  }
}